id,active,type,batch_id,birth_date,blood_group,city,country_id,course_id,customer,email,gender,last_name,middle_name,name,nationality,title
op_student_1,True,contact,LRTP-2015-2017,1992-05-06,A-ve,Banglore,India,Land Restoration Programme,True,sumitarsingh@demo.com,Female,Singh,R,Sumita,India,Miss
op_student_2,True,contact,LRTP-2015-2017,1989-11-05,AB+ve,,China,Land Restoration Programme,True,xunkchua@demo.com,Male,Chua,K,Xun,Hong Kong,Mister
op_student_3,True,contact,LRTP-2015-2017,1991-03-12,O-ve,,Hong Kong,Land Restoration Programme,True,lillingiboon@demo.com,Female,Boon,I,Liling,Hong Kong,Miss
op_student_4,True,contact,BOA-2015-2018,1991-05-16,AB-ve,Delhi,India,BOA-Sem-1,True,prachiudani@demo.com,Female,Dani,U,Prachi,India,Miss
op_student_5,True,contact,BOA-2015-2018,1991-09-12,AB+ve,,Comoros,BOA-Sem-1,True,valdezlcisse@demo.com,Male,Cisse,L,Valdez,Comoros,Mister
op_student_6,True,contact,BOA-2015-2018,1990-12-12,B-ve,,Spain,BOA-Sem-1,True,matthewkaybar@demo.com,Male,Aybar,K,Matthew,Spain,Mister
op_student_7,True,contact,BOA-2015-2018,1990-09-01,A+ve,,Saudi Arabia,BOA-Sem-2,True,dawudlbitar@demo.com,Male,Bitar,L,Dawud,Saudi Arabia,Mister
op_student_8,True,contact,BOA-2015-2018,1990-06-10,B-ve,,Mexico,BOA-Sem-2,True,laurazdamian@demo.com,Female,Damian,Z,Laura,Mexico,Miss
op_student_9,True,contact,IELTS-15-1-General,1992-05-12,AB+ve,,India,IELTS-2015-001,True,rishitatparikh@demo.com,Female,Parikh,T,Rishita,India,Miss
op_student_10,True,contact,IELTS-15-1-General,1989-09-30,O+ve,,India,IELTS-2015-001,True,abhinavychaudhri@demo.com,Male,Chaudhri,Y,Abhinav,India,Mister
op_student_11,True,contact,IELTS-15-1-General,1990-07-12,O+ve,,India,IELTS-2015-001,True,deepakkjha@demo.com,Male,Jha,K,Deepak,India,Mister
op_student_12,True,contact,IELTS-15-1-Academic,1991-12-03,B+ve,,China,IELTS-2015-001,True,hungklan@demo.com,Male,Lan,K,Hung,China,Mister
op_student_13,True,contact,IELTS-15-1-Academic,1990-07-02,B+ve,,China,IELTS-2015-001,True,qiangwsim@demo.com,Female,Sim,W,Qiang,China,Miss
op_student_14,True,contact,IELTS-15-1-Academic,1991-03-18,O+ve,,India,IELTS-2015-001,True,hardikspatel@demo.com,Male,Patel,S,Hardik,India,Mister
op_student_15,True,contact,IELTS-15-1-Academic,1991-11-02,AB-ve,,India,IELTS-2015-001,True,shwetaohasnandani@demo.com,Female,Hasnandani,O,Shweta,India,Miss
op_student_16,True,contact,G-8-2015-2016,2003-01-06,O+ve,Houston,United States,Grade-8-Course,True,danielwfostar@demo.com,Male,Fostar,W,Daniel,United States,Mister
op_student_17,True,contact,G-8-2015-2016,2003-12-03,B-ve,,United States,Grade-8-Course,True,alexisksmith@demo.com,Female,Smith,K,Alexis,United States,Miss
op_student_18,True,contact,G-8-2015-2016,2003-12-03,AB-ve,,United States,Grade-8-Course,True,"masondbannett@demo,com",Female,Bennett,D,Mason,United States,Miss
op_student_19,True,contact,G-8-2015-2016,2002-03-05,A+ve,Fort Worth,United States,Grade-8-Course,True,graceepalmer@demo.com,Female,Palmer,E,Grace,United States,Miss
op_student_20,True,contact,G-8-2015-2016,2003-09-04,B+ve,,United States,Grade-8-Course,True,isaacfclark@demo.com,Male,Clark,F,Isaac,United States,Mister
